<?xml version="1.0" encoding="UTF-8"?>
<project-private xmlns="http://www.netbeans.org/ns/project-private/1">
    <editor-bookmarks xmlns="http://www.netbeans.org/ns/editor-bookmarks/2" lastBookmarkId="0"/>
    <open-files xmlns="http://www.netbeans.org/ns/projectui-open-files/2">
        <group>
            <file>file:/C:/Users/earth/IdeaProjects/Project-ACP/ProjectACP/src/projectacp/ProjectACP.java</file>
            <file>file:/C:/Users/earth/IdeaProjects/Project-ACP/ProjectACP/src/projectacp/AdjustBMI.java</file>
            <file>file:/C:/Users/earth/IdeaProjects/Project-ACP/ProjectACP/src/projectacp/showRegularly.java</file>
            <file>file:/C:/Users/earth/IdeaProjects/Project-ACP/ProjectACP/src/projectacp/AddRegularly.java</file>
            <file>file:/C:/Users/earth/IdeaProjects/Project-ACP/ProjectACP/src/projectacp/AddSometime.java</file>
            <file>file:/C:/Users/earth/IdeaProjects/Project-ACP/ProjectACP/src/projectacp/FindDay.java</file>
            <file>file:/C:/Users/earth/IdeaProjects/Project-ACP/ProjectACP/src/projectacp/showToday.java</file>
            <file>file:/C:/Users/earth/IdeaProjects/Project-ACP/ProjectACP/src/projectacp/IncreaseReading.java</file>
            <file>file:/C:/Users/earth/IdeaProjects/Project-ACP/ProjectACP/src/projectacp/MainPage.java</file>
            <file>file:/C:/Users/earth/IdeaProjects/Project-ACP/ProjectACP/src/projectacp/SettingPage.java</file>
            <file>file:/C:/Users/earth/IdeaProjects/Project-ACP/ProjectACP/src/projectacp/showEvent.java</file>
            <file>file:/C:/Users/earth/IdeaProjects/Project-ACP/ProjectACP/src/projectacp/Check.java</file>
        </group>
    </open-files>
</project-private>
